children,days_employed,dob_years,education,education_id,family_status,family_status_id,gender,debt
1,-258.512983350301,31,Высшее,0,женат / замужем,0,M,0
0,-2639.860462546934,49,СРЕДНЕЕ,1,женат / замужем,0,F,0
2,-109.04988683565672,40,Среднее,1,женат / замужем,0,M,0
0,,57,среднее,1,вдовец / вдова,2,F,0
0,-1309.3190092448087,57,среднее,1,гражданский брак,1,F,0
1,-3710.258346748796,37,высшее,0,женат / замужем,0,F,0
1,-2082.299714348407,38,высшее,0,Не женат / не замужем,4,M,0
1,-3611.670311085897,35,высшее,0,женат / замужем,0,M,0
1,-341.0785598915056,35,высшее,0,женат / замужем,0,F,0
0,-576.927659918877,47,среднее,1,женат / замужем,0,M,0
0,380473.10679380666,56,среднее,1,женат / замужем,0,F,0
0,-2449.6868939213955,43,высшее,0,Не женат / не замужем,4,F,0
0,-6880.419902944515,47,высшее,0,женат / замужем,0,F,0
1,-2776.8564124454524,40,среднее,1,женат / замужем,0,M,0
0,332860.5245615907,49,среднее,1,женат / замужем,0,F,0
0,-9427.83202069086,65,ВЫСШЕЕ,0,в разводе,3,F,0
0,397158.28664321336,66,среднее,1,женат / замужем,0,M,0
0,,61,среднее,1,Не женат / не замужем,4,F,0
0,-2539.5027942111788,52,высшее,0,женат / замужем,0,M,0
0,,58,высшее,0,женат / замужем,0,M,0
1,-588.777921099682,42,высшее,0,женат / замужем,0,F,0
0,,61,среднее,1,гражданский брак,1,M,0
2,,40,среднее,1,женат / замужем,0,F,0
1,-2159.957007191678,33,неоконченное высшее,2,женат / замужем,0,M,0
0,391127.3375698778,59,среднее,1,гражданский брак,1,F,0
0,-400.05039951248426,31,среднее,1,женат / замужем,0,M,0
0,-810.9267956321954,61,среднее,1,женат / замужем,0,F,0
2,-672.7917694809772,39,среднее,1,женат / замужем,0,M,0
1,-2468.784738414269,44,высшее,0,гражданский брак,1,F,0
2,-1089.2730675234911,39,среднее,1,женат / замужем,0,F,0
0,,52,среднее,1,Не женат / не замужем,4,F,1
0,-3000.615856453229,30,высшее,0,женат / замужем,0,M,0
0,,57,Среднее,1,вдовец / вдова,2,F,0
1,-2766.9624267148724,27,среднее,1,женат / замужем,0,F,0
1,-1610.8640676880084,32,высшее,0,гражданский брак,1,M,1
0,-3009.81737159779,30,высшее,0,Не женат / не замужем,4,M,0
0,-2010.4297279822351,49,высшее,0,женат / замужем,0,M,0
1,-1327.205069822529,52,высшее,0,женат / замужем,0,M,0
1,-1938.1336400895689,52,начальное,3,гражданский брак,1,M,0
0,-277.2370380732215,29,среднее,1,Не женат / не замужем,4,M,0
0,-1384.0110802334018,50,среднее,1,женат / замужем,0,F,0
0,,52,высшее,0,Не женат / не замужем,4,M,0
0,-2412.592208905699,26,высшее,0,гражданский брак,1,M,0
0,336550.8045988521,52,среднее,1,женат / замужем,0,F,0
2,-251.3528610509669,55,высшее,0,гражданский брак,1,F,0
0,-1860.7341278593249,25,высшее,0,женат / замужем,0,F,0
0,-11535.793753711898,47,среднее,1,женат / замужем,0,F,1
0,,64,среднее,1,женат / замужем,0,F,0
0,-3338.8677462507726,57,высшее,0,Не женат / не замужем,4,M,0
0,-122.5324174955714,35,среднее,1,женат / замужем,0,F,0
0,396436.30863325647,66,среднее,1,женат / замужем,0,M,0
0,367149.64960692,57,среднее,1,женат / замужем,0,F,1
0,-1523.4660377244886,40,среднее,1,гражданский брак,1,F,0
0,-3929.5192897857,47,среднее,1,гражданский брак,1,F,0
0,,60,высшее,0,женат / замужем,0,F,1
0,-662.0580544368836,40,среднее,1,Не женат / не замужем,4,M,0
0,385428.057029377,59,среднее,1,вдовец / вдова,2,F,0
1,-1355.708231914634,37,среднее,1,женат / замужем,0,F,0
2,-1229.3914171188703,31,высшее,0,женат / замужем,0,F,0
0,-1767.9041956196395,27,высшее,0,гражданский брак,1,M,0
0,-7014.0472062105855,56,среднее,1,женат / замужем,0,F,0
1,-1191.851078278562,28,среднее,1,женат / замужем,0,F,0
0,,62,высшее,0,женат / замужем,0,F,0
0,-2400.5356558018025,29,среднее,1,женат / замужем,0,F,1
0,-13067.450761331202,57,среднее,1,женат / замужем,0,M,0
0,-1056.5266946779284,56,среднее,1,гражданский брак,1,F,0
0,-1542.6074678715506,23,среднее,1,гражданский брак,1,F,0
1,343422.2323242149,46,высшее,0,женат / замужем,0,F,0
0,-4821.497324062668,40,высшее,0,в разводе,3,M,0
0,391925.4201649085,55,среднее,1,женат / замужем,0,F,0
0,-655.5652447491121,28,среднее,1,Не женат / не замужем,4,M,0
0,363683.1534739825,55,среднее,1,женат / замужем,0,F,0
0,-2441.534643899087,43,высшее,0,женат / замужем,0,F,0
0,395151.3570882657,52,среднее,1,женат / замужем,0,F,0
1,-196.2012856740392,29,высшее,0,женат / замужем,0,F,0
0,390097.1728270946,65,среднее,1,вдовец / вдова,2,F,1
1,-3456.880690771933,34,среднее,1,женат / замужем,0,F,0
0,-327.94667956710083,57,среднее,1,Не женат / не замужем,4,F,0
0,338931.6386047064,58,начальное,3,женат / замужем,0,F,0
1,-3840.590828409256,33,среднее,1,женат / замужем,0,M,0
0,362344.2977697068,69,среднее,1,женат / замужем,0,M,0
0,,40,СРЕДНЕЕ,1,гражданский брак,1,M,0
0,-841.7592224332876,23,высшее,0,женат / замужем,0,F,0
0,-398.7058020401132,35,среднее,1,Не женат / не замужем,4,M,0
0,,30,среднее,1,женат / замужем,0,F,0
2,-1716.7398213511472,40,высшее,0,женат / замужем,0,F,0
1,-392.35912873532624,25,высшее,0,женат / замужем,0,F,0
0,-3428.430201263013,53,среднее,1,женат / замужем,0,M,0
0,,72,среднее,1,женат / замужем,0,F,0
1,-2722.8507708057045,41,среднее,1,женат / замужем,0,M,1
0,-947.9954579692812,40,среднее,1,гражданский брак,1,M,0
1,-2873.3831294758447,41,среднее,1,Не женат / не замужем,4,M,0
0,-2421.051638869794,55,среднее,1,гражданский брак,1,F,0
0,373836.5428821524,67,высшее,0,вдовец / вдова,2,F,0
0,-1799.5498933386398,23,среднее,1,женат / замужем,0,F,0
1,-3401.2243112196484,50,среднее,1,женат / замужем,0,F,0
0,-488.649590327922,44,среднее,1,женат / замужем,0,F,1
0,-3035.7118717653334,30,высшее,0,Не женат / не замужем,4,M,0
0,-5612.588726530378,48,высшее,0,Не женат / не замужем,4,F,0
2,-1784.3817310315158,47,ВЫСШЕЕ,0,женат / замужем,0,F,0
0,-5624.836655129877,60,среднее,1,Не женат / не замужем,4,M,0
3,-2640.332822598789,45,среднее,1,женат / замужем,0,M,0
0,-1558.6635308642542,27,среднее,1,гражданский брак,1,M,0
0,-2469.699251827948,34,среднее,1,женат / замужем,0,M,1
2,-4978.292764021174,35,среднее,1,Не женат / не замужем,4,M,0
0,-707.4764115786363,49,высшее,0,женат / замужем,0,F,0
2,-612.6703348742346,38,высшее,0,женат / замужем,0,F,0
0,-1825.61848313178,30,высшее,0,женат / замужем,0,F,0
1,363984.4920979978,58,среднее,1,женат / замужем,0,F,0
0,,61,среднее,1,женат / замужем,0,F,0
1,335581.6685149753,62,среднее,1,женат / замужем,0,F,0
2,,28,среднее,1,женат / замужем,0,M,0
1,-2148.783474865675,27,среднее,1,Не женат / не замужем,4,F,0
2,-1576.4041994362558,33,среднее,1,женат / замужем,0,F,0
0,-1033.1623769358275,29,высшее,0,Не женат / не замужем,4,M,1
2,,40,среднее,1,вдовец / вдова,2,F,0
0,-657.7307174266033,40,высшее,0,гражданский брак,1,M,0
3,-5931.6267843102905,34,среднее,1,женат / замужем,0,F,0
1,,50,высшее,0,женат / замужем,0,M,0
0,-5151.660784048872,36,среднее,1,женат / замужем,0,F,0
0,-1071.1914085063297,35,среднее,1,Не женат / не замужем,4,F,0
0,,62,СРЕДНЕЕ,1,женат / замужем,0,M,0
0,-1121.1912498474471,47,среднее,1,женат / замужем,0,F,0
2,-933.851088552566,29,высшее,0,женат / замужем,0,F,0
1,-2121.224209704057,28,высшее,0,женат / замужем,0,F,0
1,-792.2858813966507,22,высшее,0,Не женат / не замужем,4,F,0
1,,28,среднее,1,Не женат / не замужем,4,F,0
0,,34,высшее,0,женат / замужем,0,F,0
0,,66,среднее,1,женат / замужем,0,F,1
1,342056.3606472257,63,среднее,1,гражданский брак,1,F,0
1,-170.22774480035648,30,Среднее,1,женат / замужем,0,M,0
1,-2865.3002613227195,33,среднее,1,женат / замужем,0,F,0
1,-541.4496600669886,32,высшее,0,женат / замужем,0,M,0
0,-2591.824421076364,33,высшее,0,Не женат / не замужем,4,M,0
1,-3291.692696727779,36,высшее,0,женат / замужем,0,F,0
0,-2360.744239640113,31,неоконченное высшее,2,женат / замужем,0,M,0
1,-1016.6423909342632,49,среднее,1,Не женат / не замужем,4,F,0
2,-2980.918352271673,48,среднее,1,женат / замужем,0,M,0
3,,43,высшее,0,женат / замужем,0,M,0
2,-1123.1365463715483,31,среднее,1,женат / замужем,0,F,0
0,376163.11682348297,63,среднее,1,женат / замужем,0,M,0
0,-2019.735236513712,43,неоконченное высшее,2,в разводе,3,F,0
0,-727.9537216899979,35,среднее,1,женат / замужем,0,F,0
0,-3074.63986567761,50,высшее,0,Не женат / не замужем,4,M,0
0,,64,среднее,1,вдовец / вдова,2,F,0
1,-601.3269846379852,35,высшее,0,гражданский брак,1,F,0
0,-11121.0985166758,53,среднее,1,гражданский брак,1,F,0
0,,59,высшее,0,женат / замужем,0,F,0
0,-2127.6640536762307,29,среднее,1,гражданский брак,1,F,0
0,-7835.290944204475,48,среднее,1,женат / замужем,0,F,0
0,-1904.1977387480304,40,ВЫСШЕЕ,0,Не женат / не замужем,4,F,0
1,-3497.630386570195,41,среднее,1,женат / замужем,0,M,0
0,-3891.402929438224,31,среднее,1,Не женат / не замужем,4,M,0
0,-646.5450471546129,28,среднее,1,женат / замужем,0,M,0
0,,30,среднее,1,женат / замужем,0,F,1
0,-661.5024618868,44,высшее,0,женат / замужем,0,M,0
0,-2674.7130827976025,61,высшее,0,Не женат / не замужем,4,M,0
1,-1767.113958621328,32,Высшее,0,Не женат / не замужем,4,F,0
0,372659.80528402905,62,среднее,1,женат / замужем,0,F,0
0,-8104.4874126136865,42,высшее,0,гражданский брак,1,F,0
1,-104.56956581307873,26,высшее,0,Не женат / не замужем,4,F,0
0,-1537.8610718630414,57,среднее,1,вдовец / вдова,2,F,0
0,-2610.814486396629,45,высшее,0,в разводе,3,F,0
0,-250.9699867316777,35,высшее,0,женат / замужем,0,M,0
0,375719.4349113029,59,среднее,1,женат / замужем,0,F,0
0,,64,среднее,1,женат / замужем,0,F,0
0,,23,высшее,0,гражданский брак,1,F,0
0,-1206.0256604223111,62,среднее,1,женат / замужем,0,F,0
0,-11004.533144773524,52,среднее,1,женат / замужем,0,F,0
0,,26,неоконченное высшее,2,женат / замужем,0,M,0
0,,33,среднее,1,женат / замужем,0,M,0
0,346829.7836932887,61,среднее,1,в разводе,3,F,0
0,-4071.902645344589,45,среднее,1,Не женат / не замужем,4,M,0
0,331618.28663682146,62,Высшее,0,женат / замужем,0,F,0
1,-2839.990724596204,29,среднее,1,женат / замужем,0,F,0
0,,64,среднее,1,женат / замужем,0,F,0
0,-3855.516072023548,58,среднее,1,гражданский брак,1,F,0
0,-475.9282687923196,43,высшее,0,гражданский брак,1,M,0
0,-1988.228743911431,28,высшее,0,Не женат / не замужем,4,M,0
0,-1587.6966405445255,44,среднее,1,женат / замужем,0,M,0
0,-2573.90744080162,27,среднее,1,гражданский брак,1,M,0
0,,58,среднее,1,женат / замужем,0,F,0
0,,45,среднее,1,в разводе,3,F,1
0,-5056.171433255235,48,высшее,0,женат / замужем,0,F,0
0,,57,среднее,1,вдовец / вдова,2,F,0
0,-3276.7833939168604,40,среднее,1,гражданский брак,1,M,0
1,-1614.5487400842733,39,высшее,0,гражданский брак,1,F,0
0,-3464.010059323855,47,среднее,1,женат / замужем,0,F,1
0,-629.4862923667871,57,среднее,1,Не женат / не замужем,4,F,0
0,392383.5007148712,64,среднее,1,женат / замужем,0,F,0
1,-3003.494099694596,35,среднее,1,женат / замужем,0,F,0
0,-9923.89667573632,50,среднее,1,гражданский брак,1,F,0
1,-608.4483071438011,27,среднее,1,женат / замужем,0,M,0
2,-2933.3479880126674,47,высшее,0,женат / замужем,0,F,0
1,-1020.6994599109662,39,среднее,1,в разводе,3,M,0
0,,47,среднее,1,в разводе,3,F,0
0,372210.24847961456,72,среднее,1,женат / замужем,0,F,0
0,352800.5744706253,54,среднее,1,гражданский брак,1,F,0
0,-1965.1416011718047,38,среднее,1,женат / замужем,0,M,1
1,-1226.058099068282,62,среднее,1,женат / замужем,0,M,0
0,-417.2116179465748,64,среднее,1,вдовец / вдова,2,F,0
0,384834.834676828,58,высшее,0,вдовец / вдова,2,F,0
3,-1431.3296896444094,35,начальное,3,гражданский брак,1,F,0
1,-637.8526141686447,31,среднее,1,женат / замужем,0,M,0
0,-1988.27098829558,49,среднее,1,в разводе,3,M,0
0,398380.2540207468,62,среднее,1,гражданский брак,1,F,0
0,-11312.960234464204,53,среднее,1,женат / замужем,0,F,0
0,-1576.3934554545706,39,неоконченное высшее,2,гражданский брак,1,M,0
0,-1699.7070223162182,43,среднее,1,женат / замужем,0,F,0
0,-4008.7697293780825,36,среднее,1,Не женат / не замужем,4,F,0
0,364914.419760659,57,среднее,1,женат / замужем,0,M,0
0,-1031.9076040874072,50,среднее,1,женат / замужем,0,F,0
0,-4595.317075871034,56,среднее,1,женат / замужем,0,F,0
1,-905.3273760710832,35,высшее,0,гражданский брак,1,F,0
0,399436.0998398833,55,СРЕДНЕЕ,1,в разводе,3,F,0
0,-3321.0252613476605,37,СРЕДНЕЕ,1,женат / замужем,0,M,0
0,339765.4447516278,63,среднее,1,женат / замужем,0,F,0
0,,51,среднее,1,женат / замужем,0,F,0
1,399155.68482068414,56,высшее,0,гражданский брак,1,F,0
1,348595.8813275645,38,среднее,1,гражданский брак,1,F,1
1,-672.1783763363642,62,среднее,1,женат / замужем,0,F,0
0,-1627.8429371227826,47,Высшее,0,женат / замужем,0,F,0
1,351027.30652730784,55,среднее,1,женат / замужем,0,F,0
1,,35,среднее,1,в разводе,3,M,0
0,-620.9447718627079,26,высшее,0,Не женат / не замужем,4,F,0
1,-327.3497795068536,30,высшее,0,женат / замужем,0,M,0
1,-280.5981813123464,33,высшее,0,женат / замужем,0,F,0
0,,24,среднее,1,гражданский брак,1,F,0
2,-377.0925934255864,23,среднее,1,женат / замужем,0,F,0
1,-178.09172938316402,28,высшее,0,женат / замужем,0,M,0
0,339337.0170586155,63,среднее,1,женат / замужем,0,M,0
1,,34,высшее,0,Не женат / не замужем,4,F,0
0,-190.44765153293227,51,среднее,1,женат / замужем,0,M,1
0,-280.4918039186383,30,высшее,0,Не женат / не замужем,4,F,0
1,-274.7160066265681,35,высшее,0,женат / замужем,0,F,0
0,-231.78555719710727,44,среднее,1,женат / замужем,0,M,0
0,347744.4083888389,64,среднее,1,Не женат / не замужем,4,F,0
0,-1102.0192231081753,58,среднее,1,женат / замужем,0,M,0
0,-1057.9070095360105,31,высшее,0,женат / замужем,0,F,0
0,333114.5890746489,65,среднее,1,вдовец / вдова,2,F,0
1,-2050.7508884132776,40,высшее,0,Не женат / не замужем,4,M,0
0,-265.23495828800804,27,высшее,0,женат / замужем,0,M,0
0,366156.1449236653,57,среднее,1,женат / замужем,0,F,0
0,366963.3109217442,69,среднее,1,вдовец / вдова,2,F,0
0,367322.17190812726,59,среднее,1,женат / замужем,0,F,0
0,-165.66746673304007,25,среднее,1,гражданский брак,1,F,0
1,-1675.6103464220294,31,среднее,1,женат / замужем,0,M,0
1,-6312.129973851292,52,среднее,1,Не женат / не замужем,4,F,0
0,397430.033306676,67,высшее,0,вдовец / вдова,2,F,0
0,399260.4485155553,39,среднее,1,женат / замужем,0,M,0
0,-2728.9426857670787,31,высшее,0,Не женат / не замужем,4,F,0
0,-2754.2175059397478,38,среднее,1,женат / замужем,0,F,0
2,-739.629187347352,33,высшее,0,Не женат / не замужем,4,F,0
0,,57,среднее,1,в разводе,3,F,0
0,-247.4050243622852,28,среднее,1,гражданский брак,1,M,0
0,-5730.569282658415,38,высшее,0,женат / замужем,0,M,0
3,-2949.422637238689,35,среднее,1,женат / замужем,0,M,0
0,-1180.9241250928933,54,среднее,1,женат / замужем,0,M,0
1,-3082.7681824885085,27,среднее,1,Не женат / не замужем,4,F,0
0,378579.0444753185,59,среднее,1,женат / замужем,0,M,0
0,-1094.8827487070262,21,высшее,0,Не женат / не замужем,4,F,0
1,-1224.7608827017868,37,среднее,1,в разводе,3,F,0
2,-2110.363974466722,39,среднее,1,женат / замужем,0,F,0
1,-1989.6774731619755,26,высшее,0,женат / замужем,0,F,0
0,335436.8845107696,59,среднее,1,женат / замужем,0,F,0
1,,35,среднее,1,женат / замужем,0,F,0
0,,64,среднее,1,женат / замужем,0,F,0
0,-945.5921298175516,34,среднее,1,женат / замужем,0,F,0
1,-1486.2631722222284,35,среднее,1,гражданский брак,1,M,0
0,385769.85251372366,60,высшее,0,вдовец / вдова,2,F,0
1,-776.4256688885504,39,ВЫСШЕЕ,0,гражданский брак,1,F,0
2,-108.96704186614716,0,высшее,0,женат / замужем,0,M,0
1,330469.2739749417,49,высшее,0,гражданский брак,1,M,0
0,-3442.005103979992,60,среднее,1,женат / замужем,0,M,0
1,-3916.864270272012,40,неоконченное высшее,2,гражданский брак,1,F,0
0,-2981.337050217376,37,высшее,0,женат / замужем,0,M,0
0,373057.6592229392,67,высшее,0,гражданский брак,1,F,0
0,,42,высшее,0,женат / замужем,0,M,0
0,333819.99131572514,60,среднее,1,гражданский брак,1,M,0
1,395972.0931677292,60,среднее,1,Не женат / не замужем,4,F,0
0,-2797.183296159896,44,высшее,0,гражданский брак,1,F,0
0,-4802.232101583296,42,среднее,1,в разводе,3,F,0
0,-2801.3050016870893,30,Среднее,1,гражданский брак,1,F,0
0,387961.4345460364,70,среднее,1,вдовец / вдова,2,F,0
0,-838.2795183898421,28,среднее,1,Не женат / не замужем,4,M,0
2,-780.474829768125,31,среднее,1,женат / замужем,0,F,0
0,385995.11347776325,56,среднее,1,вдовец / вдова,2,F,0
0,-3195.264272203266,55,высшее,0,в разводе,3,F,0
3,-4425.180136707039,40,среднее,1,Не женат / не замужем,4,F,0
0,-1328.923731854229,27,среднее,1,Не женат / не замужем,4,M,0
1,-1931.819208290074,45,среднее,1,женат / замужем,0,F,1
2,-191.9666296632077,33,среднее,1,женат / замужем,0,M,0
0,-1018.5277556575038,36,среднее,1,Не женат / не замужем,4,F,0
0,-2343.052173088727,28,высшее,0,гражданский брак,1,F,0
0,,48,среднее,1,в разводе,3,F,1
1,,51,среднее,1,гражданский брак,1,F,0
0,-3441.486228665501,43,среднее,1,женат / замужем,0,M,0
1,-673.3946524527317,42,высшее,0,гражданский брак,1,F,0
0,-994.1569447442356,38,высшее,0,Не женат / не замужем,4,M,0
1,-4488.4027204851545,38,среднее,1,женат / замужем,0,F,0
0,-193.4537529738789,40,среднее,1,женат / замужем,0,F,0
0,-3168.1589993009693,50,среднее,1,женат / замужем,0,F,0
0,,56,среднее,1,гражданский брак,1,F,0
0,-1683.5957846313129,27,среднее,1,женат / замужем,0,M,0
1,-4697.673866684542,47,среднее,1,женат / замужем,0,F,0
0,-3227.5331953761297,28,среднее,1,Не женат / не замужем,4,M,0
0,-3522.3385371011736,33,высшее,0,женат / замужем,0,F,0
0,-1961.5298351564984,31,Среднее,1,женат / замужем,0,M,1
1,-3327.869239332209,41,среднее,1,женат / замужем,0,M,1
1,-2713.1169545546763,36,среднее,1,гражданский брак,1,F,0
0,-451.15238690987593,21,ВЫСШЕЕ,0,Не женат / не замужем,4,F,0
0,-2034.8369459207336,43,среднее,1,женат / замужем,0,M,0
0,-948.3419275862352,37,высшее,0,Не женат / не замужем,4,F,0
0,-1707.4298148921082,40,среднее,1,гражданский брак,1,M,0
1,-1207.029621838652,45,среднее,1,женат / замужем,0,F,0
1,339818.80354418827,49,СРЕДНЕЕ,1,в разводе,3,F,0
0,-207.6766685216781,39,среднее,1,вдовец / вдова,2,F,0
0,335273.41135990666,66,Среднее,1,вдовец / вдова,2,F,0
0,378744.1005630917,65,среднее,1,женат / замужем,0,F,0
0,-1095.2015600941545,57,высшее,0,женат / замужем,0,M,0
1,-1131.9282052425351,23,среднее,1,женат / замужем,0,F,0
0,349479.1080440797,59,среднее,1,Не женат / не замужем,4,F,0
0,367142.9473589339,66,среднее,1,женат / замужем,0,F,0
0,-7327.642955793695,43,Среднее,1,женат / замужем,0,F,0
1,-1018.5252830182484,0,среднее,1,женат / замужем,0,F,1
2,-1222.1589727154123,41,высшее,0,женат / замужем,0,F,0
0,-959.9155948404352,29,среднее,1,женат / замужем,0,M,0
0,-2636.0905174957184,53,высшее,0,женат / замужем,0,M,0
0,-2195.695526555246,31,высшее,0,в разводе,3,M,0
0,-1351.4590061716012,38,высшее,0,женат / замужем,0,F,0
0,-902.9857065640896,31,НЕОКОНЧЕННОЕ ВЫСШЕЕ,2,женат / замужем,0,F,0
0,-10080.03191838338,44,среднее,1,гражданский брак,1,F,0
0,-11131.051259926102,51,среднее,1,Не женат / не замужем,4,F,0
1,-1352.83568566865,46,среднее,1,женат / замужем,0,F,0
0,-1393.889712876466,57,среднее,1,в разводе,3,M,0
1,-1059.0194798173322,35,высшее,0,женат / замужем,0,F,0
2,-2202.4298537063955,33,среднее,1,женат / замужем,0,F,0
0,-9376.978474772148,48,высшее,0,женат / замужем,0,F,0
0,-4091.139437903076,61,начальное,3,вдовец / вдова,2,F,0
2,-193.44449368331647,27,высшее,0,в разводе,3,F,0
0,382422.0070892707,72,среднее,1,гражданский брак,1,F,0
0,-1369.3961258059744,55,среднее,1,в разводе,3,M,0
0,-182.5514770765924,37,высшее,0,женат / замужем,0,M,0
0,-2804.110810337471,36,высшее,0,в разводе,3,M,0
0,-508.575444429334,44,среднее,1,женат / замужем,0,M,1
0,-1048.028923946125,43,неоконченное высшее,2,женат / замужем,0,F,0
2,-1948.4714962017904,37,среднее,1,гражданский брак,1,M,0
0,-1203.2451641947066,41,среднее,1,женат / замужем,0,M,0
0,-3399.0064577081985,40,среднее,1,гражданский брак,1,F,0
1,,57,среднее,1,женат / замужем,0,F,0
0,-2981.530724852829,34,высшее,0,Не женат / не замужем,4,F,0
0,-6146.657574432432,49,среднее,1,женат / замужем,0,F,0
0,-2590.976637733427,40,среднее,1,женат / замужем,0,F,0
2,-2746.0491118145537,32,высшее,0,женат / замужем,0,F,0
0,-774.9914623078317,45,среднее,1,женат / замужем,0,F,0
0,-9148.749198468586,50,Среднее,1,в разводе,3,F,1
0,399170.8193313516,65,среднее,1,женат / замужем,0,F,0
0,-589.4210584752312,65,неоконченное высшее,2,женат / замужем,0,M,0
0,382517.3210251765,66,среднее,1,вдовец / вдова,2,F,0
0,-2224.246572326078,29,среднее,1,женат / замужем,0,M,0
0,-1681.9196124154294,34,среднее,1,гражданский брак,1,F,0
0,,28,среднее,1,женат / замужем,0,M,1
1,-5447.687152952905,36,среднее,1,гражданский брак,1,M,0
0,350620.3195986601,53,среднее,1,женат / замужем,0,F,0
0,-9945.187489445208,48,среднее,1,женат / замужем,0,F,0
0,-2406.218612832741,49,среднее,1,женат / замужем,0,F,0
0,-1657.6689247439786,27,Среднее,1,гражданский брак,1,M,0
1,-5907.743684726691,38,среднее,1,вдовец / вдова,2,M,0
0,-1610.8875361313876,42,Среднее,1,женат / замужем,0,F,0
0,-1487.0453953721124,38,среднее,1,Не женат / не замужем,4,F,0
1,-5147.883547864875,30,среднее,1,женат / замужем,0,F,0
1,-1191.7152726994475,35,высшее,0,женат / замужем,0,M,0
0,-96.20529318997106,28,высшее,0,женат / замужем,0,M,1
2,-1751.4111263256314,43,среднее,1,женат / замужем,0,M,1
2,-3324.6192848381065,46,среднее,1,женат / замужем,0,M,0
1,-1277.237964164615,33,высшее,0,женат / замужем,0,M,0
0,-5505.1524468394055,60,высшее,0,Не женат / не замужем,4,F,0
0,-1641.3246315788,51,среднее,1,женат / замужем,0,M,0
0,372084.1545363364,54,среднее,1,женат / замужем,0,F,0
0,-1444.9004553957493,34,высшее,0,женат / замужем,0,M,0
0,-12509.450812157693,58,высшее,0,вдовец / вдова,2,F,0
0,-394.0428823359112,26,Высшее,0,Не женат / не замужем,4,F,0
0,-457.4765817807712,64,среднее,1,женат / замужем,0,M,0
0,-2237.727252167104,28,неоконченное высшее,2,Не женат / не замужем,4,M,0
1,-1571.8713962622437,51,среднее,1,Не женат / не замужем,4,F,0
1,,38,среднее,1,женат / замужем,0,F,0
1,-523.9945022598673,32,среднее,1,женат / замужем,0,F,0
2,-962.5714183426752,38,высшее,0,гражданский брак,1,F,0
0,-3545.2150496251616,30,среднее,1,женат / замужем,0,M,0
0,369510.2621083605,68,среднее,1,женат / замужем,0,F,0
0,-807.2046191964928,25,среднее,1,Не женат / не замужем,4,M,0
0,-1607.3837237360433,24,среднее,1,женат / замужем,0,F,0
0,-1649.0434061236194,43,неоконченное высшее,2,женат / замужем,0,F,0
0,-1888.8908704779467,57,среднее,1,женат / замужем,0,F,0
0,346584.6727438124,59,среднее,1,женат / замужем,0,F,0
0,337246.3394659888,55,среднее,1,гражданский брак,1,F,0
0,-195.6101573335199,48,высшее,0,вдовец / вдова,2,F,0
1,-1278.5133976121,29,неоконченное высшее,2,Не женат / не замужем,4,F,0
2,-1687.0386721624802,27,высшее,0,женат / замужем,0,M,0
2,-2480.7475396146674,45,высшее,0,женат / замужем,0,M,0
0,392681.0557814205,61,среднее,1,в разводе,3,F,0
1,356941.9697711803,53,среднее,1,женат / замужем,0,F,0
0,358859.4186410781,56,среднее,1,женат / замужем,0,F,0
1,-1516.265705034617,44,среднее,1,женат / замужем,0,F,0
1,-3475.295993041116,46,среднее,1,Не женат / не замужем,4,M,0
0,-825.6130773491327,45,среднее,1,женат / замужем,0,M,0
1,-538.1546878953094,23,высшее,0,женат / замужем,0,F,0
0,362426.96557381673,67,среднее,1,гражданский брак,1,F,0
0,-3138.06821117526,30,высшее,0,женат / замужем,0,F,0
0,,37,высшее,0,гражданский брак,1,F,0
0,-4598.8921936195175,49,среднее,1,Не женат / не замужем,4,F,0
0,-5258.06887183894,32,Среднее,1,гражданский брак,1,F,1
2,-1992.8210337235253,36,Высшее,0,женат / замужем,0,M,0
0,-1429.442767303878,40,высшее,0,женат / замужем,0,F,0
1,-7051.883919533535,41,среднее,1,гражданский брак,1,M,0
0,-2312.17473984744,40,среднее,1,женат / замужем,0,F,0
0,384474.0886498862,65,среднее,1,вдовец / вдова,2,F,0
0,396340.0007851469,54,СРЕДНЕЕ,1,в разводе,3,F,0
1,-1213.6060870207248,37,среднее,1,Не женат / не замужем,4,F,0
0,-628.3971108117478,48,высшее,0,женат / замужем,0,F,0
0,-1308.7801405614682,25,высшее,0,гражданский брак,1,M,0
0,-2180.2651864316613,43,среднее,1,женат / замужем,0,F,0
1,-1044.5754600696469,31,среднее,1,женат / замужем,0,M,0
0,,27,среднее,1,женат / замужем,0,M,0
1,372850.49880323134,59,среднее,1,Не женат / не замужем,4,M,0
0,-269.228971548692,26,среднее,1,женат / замужем,0,M,1
0,345464.58278929745,60,среднее,1,Не женат / не замужем,4,F,0
0,-277.8285011374729,56,среднее,1,в разводе,3,F,0
0,,63,среднее,1,женат / замужем,0,F,0
1,-785.857044511424,25,среднее,1,женат / замужем,0,F,0
0,-648.8109887944189,36,среднее,1,в разводе,3,F,0
1,-886.0573512646666,44,высшее,0,женат / замужем,0,F,0
1,-2126.7587360559824,27,среднее,1,гражданский брак,1,F,0
0,334779.0382393108,54,среднее,1,гражданский брак,1,M,1
2,-3594.9401108474635,26,среднее,1,в разводе,3,F,0
0,-118.89141142450092,35,неоконченное высшее,2,Не женат / не замужем,4,M,0
0,350935.16465220234,68,среднее,1,гражданский брак,1,M,0
0,-9613.705063397438,51,высшее,0,женат / замужем,0,F,0
1,-3052.468880429766,36,среднее,1,женат / замужем,0,M,0
0,362036.6088253484,59,высшее,0,женат / замужем,0,F,0
0,-735.6382414680335,41,среднее,1,женат / замужем,0,M,0
1,-3370.3326856643,48,высшее,0,вдовец / вдова,2,F,0
0,376600.65828167024,48,среднее,1,гражданский брак,1,M,0
0,-2661.354684211461,42,высшее,0,гражданский брак,1,F,0
1,-550.306661340741,35,среднее,1,гражданский брак,1,M,0
2,-1223.1720659112837,32,среднее,1,гражданский брак,1,M,0
1,-1918.2830729628613,38,среднее,1,женат / замужем,0,F,0
1,-255.10235435661647,30,среднее,1,гражданский брак,1,M,0
0,-286.6362247493617,46,среднее,1,Не женат / не замужем,4,F,0
0,-446.5875403984872,36,среднее,1,женат / замужем,0,F,0
1,-1355.6833560040743,36,среднее,1,женат / замужем,0,F,0
0,-526.4115820841157,41,среднее,1,гражданский брак,1,F,0
0,-211.8435172921474,49,высшее,0,женат / замужем,0,M,0
1,359800.95766913943,52,высшее,0,женат / замужем,0,F,0
2,-508.7090190703253,28,высшее,0,женат / замужем,0,M,0
0,-1306.3955303635148,20,среднее,1,в разводе,3,M,0
0,-3235.885834558007,58,среднее,1,женат / замужем,0,F,0
1,-2380.603894074868,35,среднее,1,гражданский брак,1,F,1
2,-147.09777887687451,43,высшее,0,женат / замужем,0,F,0
2,-845.856785169455,23,среднее,1,женат / замужем,0,F,0
0,333702.0649478804,64,среднее,1,женат / замужем,0,F,0
0,-1449.49624260803,30,ВЫСШЕЕ,0,гражданский брак,1,F,1
0,-2905.560122813802,49,среднее,1,женат / замужем,0,F,0
1,-4247.476347119155,36,среднее,1,женат / замужем,0,M,0
1,,25,высшее,0,женат / замужем,0,F,0
1,-759.7840145399775,23,среднее,1,женат / замужем,0,F,0
2,-2612.822920091547,39,СРЕДНЕЕ,1,гражданский брак,1,F,0
0,-415.11887984042505,50,среднее,1,гражданский брак,1,M,0
0,-514.2103807677187,33,Среднее,1,гражданский брак,1,F,0
2,-961.0983212609044,55,высшее,0,женат / замужем,0,F,0
1,-1874.3508040705512,32,среднее,1,женат / замужем,0,F,0
0,351429.0973907812,60,среднее,1,вдовец / вдова,2,F,0
0,336107.97727711644,62,среднее,1,женат / замужем,0,F,0
1,-1725.8979586688754,33,среднее,1,в разводе,3,M,0
1,-1224.7141880267377,34,высшее,0,женат / замужем,0,F,1
2,-415.13191396278,40,среднее,1,женат / замужем,0,F,0
1,-1025.2535691949429,22,среднее,1,гражданский брак,1,F,0
0,,52,высшее,0,гражданский брак,1,F,0
1,-1321.0782701827377,33,среднее,1,гражданский брак,1,F,0
1,-203.8088012067342,37,среднее,1,гражданский брак,1,M,0
1,-2284.293630560724,34,среднее,1,женат / замужем,0,M,0
0,-4837.973361646407,66,высшее,0,женат / замужем,0,M,0
0,380628.3793297923,71,среднее,1,вдовец / вдова,2,F,0
0,331546.06051271764,60,среднее,1,женат / замужем,0,F,0
0,-1090.656148209791,50,среднее,1,женат / замужем,0,F,0
2,-4289.765046326064,38,высшее,0,женат / замужем,0,F,0
0,-5425.311506292561,45,среднее,1,вдовец / вдова,2,F,0
0,-2985.747822092307,59,среднее,1,женат / замужем,0,M,0
1,-2306.178096913813,28,среднее,1,женат / замужем,0,F,0
0,-2474.062280733733,35,высшее,0,Не женат / не замужем,4,M,0
1,-734.1819059736798,40,среднее,1,женат / замужем,0,M,0
1,-370.3664023814114,31,неоконченное высшее,2,Не женат / не замужем,4,F,0
0,-263.9867089980123,23,среднее,1,гражданский брак,1,M,0
0,,54,среднее,1,гражданский брак,1,F,0
0,-3784.372890279674,40,высшее,0,гражданский брак,1,F,0
0,,68,среднее,1,Не женат / не замужем,4,F,0
1,-1077.23570230401,30,среднее,1,женат / замужем,0,F,0
1,332552.97256427153,46,среднее,1,женат / замужем,0,M,0
0,-2561.7103223109407,34,среднее,1,женат / замужем,0,M,1
2,,26,высшее,0,женат / замужем,0,F,0
0,-1328.7699472797813,32,среднее,1,Не женат / не замужем,4,M,0
1,-245.5722582628313,41,среднее,1,гражданский брак,1,F,0
2,-1272.2423036405578,29,высшее,0,женат / замужем,0,M,0
0,,64,среднее,1,в разводе,3,F,0
4,,51,среднее,1,женат / замужем,0,M,1
1,359735.73790918576,56,среднее,1,женат / замужем,0,M,1
1,-1353.529853604079,29,среднее,1,женат / замужем,0,M,0
2,-827.0193438366664,42,среднее,1,женат / замужем,0,F,0
0,-9964.249478707105,56,высшее,0,женат / замужем,0,M,0
0,345099.59069297113,50,среднее,1,женат / замужем,0,F,0
0,,34,высшее,0,в разводе,3,F,0
0,-523.1511463190809,36,ВЫСШЕЕ,0,Не женат / не замужем,4,M,0
0,393380.7656047209,56,среднее,1,гражданский брак,1,F,0
1,-832.7514840015773,38,начальное,3,женат / замужем,0,F,0
0,-1590.7477503836733,29,среднее,1,женат / замужем,0,F,0
0,-1983.104349183428,31,высшее,0,женат / замужем,0,M,0
0,-3533.483367095773,42,СРЕДНЕЕ,1,женат / замужем,0,F,0
1,-1600.7987810954971,22,среднее,1,женат / замужем,0,M,0
0,-2673.9059721219664,49,среднее,1,женат / замужем,0,F,0
1,-2296.885735818868,48,высшее,0,женат / замужем,0,F,0
1,-927.203990841804,38,среднее,1,женат / замужем,0,M,0
0,348457.0232841342,64,среднее,1,вдовец / вдова,2,F,0
1,-255.95075573791345,27,высшее,0,женат / замужем,0,M,0
1,-2842.2614883914484,28,высшее,0,женат / замужем,0,M,0
0,-6098.845144411112,52,среднее,1,женат / замужем,0,M,0
0,359787.42592907423,59,СРЕДНЕЕ,1,Не женат / не замужем,4,F,0
0,-1905.414187507136,45,среднее,1,женат / замужем,0,M,0
0,-2531.383789598902,55,среднее,1,женат / замужем,0,F,0
0,,49,среднее,1,гражданский брак,1,F,0
0,-238.1061123001067,60,высшее,0,гражданский брак,1,F,0
0,-267.8733529190266,40,среднее,1,женат / замужем,0,F,0
0,-633.2825884969535,58,среднее,1,вдовец / вдова,2,F,0
0,-654.4136263107047,40,среднее,1,в разводе,3,F,0
0,-3338.2102611220453,43,среднее,1,гражданский брак,1,F,0
2,-711.0790940026352,41,высшее,0,женат / замужем,0,F,0
0,-281.4306285521345,35,высшее,0,вдовец / вдова,2,F,0
1,-620.3174754520182,31,среднее,1,Не женат / не замужем,4,M,0
1,-1879.3119505878813,42,среднее,1,Не женат / не замужем,4,F,0
0,-2807.0240962093108,48,среднее,1,гражданский брак,1,M,0
0,-1956.28425792985,42,высшее,0,женат / замужем,0,F,0
0,-5131.992935997802,55,СРЕДНЕЕ,1,женат / замужем,0,F,0
20,-494.7884479260646,52,среднее,1,женат / замужем,0,M,0
0,-2370.2809391814067,42,высшее,0,женат / замужем,0,M,0
0,374789.8201501467,63,среднее,1,женат / замужем,0,F,0
0,351237.3152208458,68,среднее,1,гражданский брак,1,M,0
1,-7584.70985008125,49,СРЕДНЕЕ,1,женат / замужем,0,M,0
0,-1199.1033349054633,29,высшее,0,женат / замужем,0,M,0
1,-688.479629662964,38,среднее,1,женат / замужем,0,F,0
0,-2684.526901498789,58,среднее,1,вдовец / вдова,2,F,0
0,396540.045010701,64,Среднее,1,гражданский брак,1,F,0
2,-3629.58599872024,39,высшее,0,женат / замужем,0,F,1
1,,34,среднее,1,женат / замужем,0,F,0
0,,47,СРЕДНЕЕ,1,женат / замужем,0,F,0
0,-1263.23253052141,55,среднее,1,женат / замужем,0,F,0
0,-3557.495072910118,42,среднее,1,гражданский брак,1,F,0
0,-1661.1614847324731,50,среднее,1,в разводе,3,M,0
1,-3120.4504986556926,35,среднее,1,женат / замужем,0,F,0
0,-2949.590720113757,40,среднее,1,женат / замужем,0,F,0
1,-811.6951787707536,35,высшее,0,гражданский брак,1,F,0
0,,58,начальное,3,женат / замужем,0,M,0
0,-2020.3878080900597,33,высшее,0,женат / замужем,0,M,0
0,-5417.488435072074,35,высшее,0,женат / замужем,0,F,0
0,-1569.8532582041096,49,среднее,1,женат / замужем,0,F,0
1,359061.931833016,56,начальное,3,женат / замужем,0,F,0
2,-1761.8759656532727,45,среднее,1,женат / замужем,0,F,0
0,,26,Неоконченное высшее,2,Не женат / не замужем,4,F,0
0,-2096.542860866319,47,высшее,0,Не женат / не замужем,4,F,0
0,-1342.6460182142614,27,среднее,1,женат / замужем,0,F,1
1,-6611.1667100935165,51,среднее,1,женат / замужем,0,F,0
0,-926.879044339708,35,ВЫСШЕЕ,0,женат / замужем,0,F,0
1,-243.69149898284283,31,среднее,1,женат / замужем,0,M,1
0,346216.96491774806,55,среднее,1,в разводе,3,F,0
0,-149.22957269384688,51,среднее,1,в разводе,3,F,0
0,-2103.4525205021164,53,среднее,1,женат / замужем,0,M,0
0,-10094.906029331993,43,среднее,1,женат / замужем,0,M,0
0,-365.7511059424884,51,среднее,1,женат / замужем,0,F,0
1,339821.58864484646,63,среднее,1,гражданский брак,1,F,0
0,388911.7206365192,62,высшее,0,женат / замужем,0,F,0
0,-141.45621969433603,50,среднее,1,гражданский брак,1,M,0
0,-715.7694380950694,55,среднее,1,женат / замужем,0,M,0
0,-4604.9008374125815,45,среднее,1,Не женат / не замужем,4,F,0
0,-2850.0608594640503,59,среднее,1,женат / замужем,0,M,0
0,348232.5569880113,65,среднее,1,женат / замужем,0,F,0
0,-2086.1872204790448,53,высшее,0,женат / замужем,0,F,0
0,353080.23112030665,63,среднее,1,женат / замужем,0,F,0
0,,29,среднее,1,женат / замужем,0,M,0
0,-1950.657029043964,45,среднее,1,гражданский брак,1,F,0
0,-1306.8323794933044,55,среднее,1,женат / замужем,0,M,0
0,-1771.936782732413,46,высшее,0,гражданский брак,1,M,0
0,-5307.23984611375,44,среднее,1,женат / замужем,0,F,1
0,-1689.0822000997946,40,среднее,1,женат / замужем,0,F,0
0,-2417.481224201695,61,среднее,1,в разводе,3,F,0
1,-887.0787332521405,35,среднее,1,женат / замужем,0,M,0
0,366870.24688507104,63,среднее,1,вдовец / вдова,2,F,0
1,,47,высшее,0,женат / замужем,0,M,0
0,386719.5715507641,60,среднее,1,женат / замужем,0,F,0
0,,64,высшее,0,женат / замужем,0,F,0
2,-1830.845558443301,29,Среднее,1,женат / замужем,0,F,0
0,-207.92533176947856,27,среднее,1,Не женат / не замужем,4,M,0
0,-909.631949142638,24,среднее,1,гражданский брак,1,F,0
1,-1709.447786257896,24,среднее,1,женат / замужем,0,F,0
0,-879.4222732554242,27,высшее,0,Не женат / не замужем,4,F,0
0,-10689.250498030664,0,среднее,1,женат / замужем,0,F,0
0,-7924.329781040035,49,высшее,0,гражданский брак,1,F,0
0,370470.3989071442,57,среднее,1,женат / замужем,0,F,0
0,-6507.922473141459,56,среднее,1,женат / замужем,0,M,0
0,-1210.4929520331991,45,среднее,1,женат / замужем,0,M,0
0,-662.6759964177368,53,высшее,0,женат / замужем,0,M,0
1,397005.4752200823,46,среднее,1,женат / замужем,0,F,0
2,-228.4041070787501,48,высшее,0,гражданский брак,1,M,1
0,-1755.2221389823196,46,среднее,1,Не женат / не замужем,4,F,0
0,-728.156293509384,31,среднее,1,Не женат / не замужем,4,F,0
2,-89.85635321923651,32,среднее,1,Не женат / не замужем,4,F,1
0,-6680.894391679216,47,среднее,1,Не женат / не замужем,4,F,0
0,361970.2205052443,67,среднее,1,вдовец / вдова,2,F,0
0,-1845.567551133944,46,среднее,1,гражданский брак,1,M,0
1,,43,высшее,0,гражданский брак,1,F,0
1,-7720.867226805087,46,высшее,0,женат / замужем,0,F,0
0,-4193.7184645103225,48,начальное,3,женат / замужем,0,M,0
0,-1100.6618193559202,46,среднее,1,гражданский брак,1,M,0
0,-860.1763676597028,26,среднее,1,Не женат / не замужем,4,M,0
2,-828.4797148076317,40,среднее,1,гражданский брак,1,M,0
0,-188.34824771331432,24,высшее,0,Не женат / не замужем,4,F,0
0,-1172.2426156530305,33,высшее,0,женат / замужем,0,M,0
0,333723.0496424858,60,среднее,1,вдовец / вдова,2,F,0
0,-951.8684667634648,42,среднее,1,гражданский брак,1,M,0
0,-1085.15261464716,25,высшее,0,Не женат / не замужем,4,F,0
1,-773.8353334592131,34,среднее,1,женат / замужем,0,M,0
0,341614.3507845549,59,среднее,1,женат / замужем,0,M,0
0,356941.1265899729,56,среднее,1,женат / замужем,0,M,0
0,-3596.964117761568,36,среднее,1,гражданский брак,1,F,0
2,-840.6826577479977,39,среднее,1,женат / замужем,0,M,0
0,359848.41896931274,54,среднее,1,вдовец / вдова,2,F,0
0,364541.55830729776,52,среднее,1,женат / замужем,0,F,0
0,-683.0684484420659,29,высшее,0,женат / замужем,0,M,0
0,-4022.062040383069,43,среднее,1,гражданский брак,1,M,0
1,-125.2490182668366,34,среднее,1,женат / замужем,0,M,0
0,-3895.679978881079,39,высшее,0,женат / замужем,0,F,0
0,374231.0529242964,61,среднее,1,в разводе,3,F,0
0,-595.0507209817763,24,среднее,1,Не женат / не замужем,4,F,0
3,-1063.9597850008165,31,среднее,1,гражданский брак,1,F,0
0,-1776.594623630848,47,высшее,0,женат / замужем,0,F,0
0,-351.8183499282202,43,высшее,0,женат / замужем,0,M,0
0,,58,среднее,1,женат / замужем,0,F,0
0,,56,среднее,1,женат / замужем,0,F,0
2,-1583.9172637050783,42,высшее,0,Не женат / не замужем,4,F,0
0,-2600.6225848121608,58,среднее,1,вдовец / вдова,2,F,0
0,-1764.2497436224987,22,СРЕДНЕЕ,1,женат / замужем,0,F,0
1,-2942.164472682248,39,среднее,1,Не женат / не замужем,4,F,0
0,-2815.9272695104755,39,неоконченное высшее,2,в разводе,3,F,0
0,-2372.3867715820584,38,среднее,1,Не женат / не замужем,4,F,0
0,-1091.471255044516,44,среднее,1,в разводе,3,F,0
2,-3272.8210459343986,29,среднее,1,женат / замужем,0,F,0
1,-172.99805270107066,28,СРЕДНЕЕ,1,гражданский брак,1,F,0
0,,57,Среднее,1,женат / замужем,0,F,0
0,-884.5458974260507,27,среднее,1,гражданский брак,1,F,0
0,387682.2549490553,53,среднее,1,женат / замужем,0,F,0
0,383083.8710979321,56,высшее,0,женат / замужем,0,F,0
2,-1095.0567093363984,31,высшее,0,женат / замужем,0,F,0
0,373009.0164132913,70,среднее,1,женат / замужем,0,M,0
3,-2342.6361668396257,29,среднее,1,женат / замужем,0,M,0
0,-200.8047839637053,22,среднее,1,гражданский брак,1,M,0
0,336747.83528374555,73,среднее,1,вдовец / вдова,2,F,0
0,-5798.128221393173,48,среднее,1,женат / замужем,0,F,0
0,387849.2425629541,59,среднее,1,гражданский брак,1,F,0
1,-865.0811184071811,25,среднее,1,женат / замужем,0,F,0
1,-2137.1204117741377,43,высшее,0,в разводе,3,F,0
0,330550.22627538035,51,Среднее,1,женат / замужем,0,M,0
0,-2491.177901017576,29,среднее,1,женат / замужем,0,F,0
0,-2369.53877188147,50,среднее,1,женат / замужем,0,F,0
0,-1368.054529488042,41,среднее,1,женат / замужем,0,M,0
2,-522.5475066202197,39,среднее,1,женат / замужем,0,M,0
0,-2292.687111060652,45,высшее,0,гражданский брак,1,F,0
1,,43,высшее,0,женат / замужем,0,F,0
1,-635.2723238964891,49,среднее,1,женат / замужем,0,M,0
0,-8797.983555181923,46,Среднее,1,женат / замужем,0,F,0
0,-578.5476290709641,51,среднее,1,гражданский брак,1,M,0
1,-2448.6350573770114,54,среднее,1,гражданский брак,1,M,1
0,-1964.6104864143117,29,среднее,1,гражданский брак,1,F,0
0,-10053.927172728612,49,среднее,1,женат / замужем,0,F,0
1,,40,среднее,1,Не женат / не замужем,4,F,0
0,395480.0094481488,48,среднее,1,женат / замужем,0,F,0
0,,67,Среднее,1,вдовец / вдова,2,F,0
0,-8331.867308582425,49,высшее,0,женат / замужем,0,F,0
3,-7138.4211350817,36,среднее,1,женат / замужем,0,F,0
0,-603.3650391848744,23,среднее,1,женат / замужем,0,F,1
0,390483.9915578967,68,среднее,1,женат / замужем,0,M,1
1,-1820.812118295464,38,высшее,0,гражданский брак,1,F,0
0,,49,среднее,1,женат / замужем,0,F,0
0,-640.4494588422098,35,среднее,1,женат / замужем,0,M,0
0,,41,среднее,1,гражданский брак,1,F,1
0,-1151.634459637238,46,начальное,3,женат / замужем,0,F,0
0,-1276.4502996946285,54,среднее,1,женат / замужем,0,F,0
0,,46,среднее,1,женат / замужем,0,M,0
0,-4424.831739016164,52,СРЕДНЕЕ,1,женат / замужем,0,F,0
2,-329.7292686583542,37,высшее,0,женат / замужем,0,M,0
2,-685.3168647585417,27,высшее,0,в разводе,3,F,0
3,-2272.3123034717387,44,среднее,1,женат / замужем,0,M,0
0,-3250.5679817931787,43,высшее,0,Не женат / не замужем,4,F,0
0,-1612.6906865342223,32,среднее,1,женат / замужем,0,F,0
0,-10507.659219470112,55,высшее,0,гражданский брак,1,F,0
0,,38,среднее,1,женат / замужем,0,F,0
0,-531.1483818639514,27,среднее,1,женат / замужем,0,M,0
0,-2737.3515523613305,59,высшее,0,гражданский брак,1,F,0
2,,42,высшее,0,женат / замужем,0,F,0
0,-3633.2428499079256,47,среднее,1,Не женат / не замужем,4,M,0
0,-380.8047133516537,49,СРЕДНЕЕ,1,женат / замужем,0,M,0
1,-204.08561176219,25,высшее,0,женат / замужем,0,F,0
0,-971.3357070941964,23,среднее,1,гражданский брак,1,M,0
2,-1801.512743580185,38,высшее,0,женат / замужем,0,F,0
0,-114.4973735460012,36,Среднее,1,гражданский брак,1,F,0
0,-6218.679652603823,58,среднее,1,гражданский брак,1,F,0
0,-8181.528344078454,54,высшее,0,женат / замужем,0,M,0
2,-1785.6200361136218,36,среднее,1,женат / замужем,0,M,0
0,-2756.003231451152,43,среднее,1,женат / замужем,0,F,0
0,-428.5875395678588,22,среднее,1,гражданский брак,1,F,0
1,-4189.842090348018,47,среднее,1,женат / замужем,0,F,0
0,-4723.051610715602,53,высшее,0,в разводе,3,F,0
0,-849.7642266079094,37,среднее,1,Не женат / не замужем,4,M,0
1,398206.6319677277,40,среднее,1,женат / замужем,0,F,0
0,383504.7952882985,54,среднее,1,женат / замужем,0,F,0
0,-328.4316544438288,50,среднее,1,женат / замужем,0,M,0
0,-2799.846957924308,55,среднее,1,женат / замужем,0,M,0
1,-1115.7846247587477,30,среднее,1,Не женат / не замужем,4,F,0
2,-327.3908009619411,36,среднее,1,женат / замужем,0,M,0
0,,23,высшее,0,гражданский брак,1,F,0
1,-1829.712532246568,25,среднее,1,женат / замужем,0,F,1
1,-536.0550478643505,39,среднее,1,женат / замужем,0,M,0
0,330099.7080363848,57,среднее,1,вдовец / вдова,2,F,0
0,361563.1349287385,57,среднее,1,женат / замужем,0,F,0
0,,56,Среднее,1,женат / замужем,0,F,0
0,-2118.2348081560813,38,среднее,1,женат / замужем,0,F,0
0,365025.33886670944,55,среднее,1,женат / замужем,0,M,0
2,-2335.8492926119948,52,среднее,1,женат / замужем,0,M,0
1,-2416.7471215066357,27,среднее,1,гражданский брак,1,F,0
0,,28,высшее,0,женат / замужем,0,M,0
2,-2587.609250387033,38,среднее,1,женат / замужем,0,F,1
0,-2527.341178996488,50,среднее,1,женат / замужем,0,F,0
0,-2625.852176272963,35,высшее,0,в разводе,3,M,0
0,-1645.3319631892248,30,среднее,1,женат / замужем,0,F,0
1,-454.4408675775208,29,среднее,1,Не женат / не замужем,4,F,1
0,364906.2057355492,54,высшее,0,женат / замужем,0,F,0
0,,51,среднее,1,гражданский брак,1,F,0
0,383382.19520008407,61,среднее,1,в разводе,3,F,0
0,331872.3007322693,61,СРЕДНЕЕ,1,женат / замужем,0,F,0
1,-2551.443820374849,47,высшее,0,женат / замужем,0,M,0
0,-5831.075025774547,59,среднее,1,в разводе,3,F,0
1,-2022.3406771139053,38,среднее,1,гражданский брак,1,F,1
0,368743.4869126132,61,среднее,1,женат / замужем,0,M,0
0,,34,среднее,1,гражданский брак,1,F,0
0,-3125.6034201617736,28,ВЫСШЕЕ,0,Не женат / не замужем,4,M,0
3,-2838.488194419897,38,среднее,1,женат / замужем,0,M,0
2,-692.3649938157236,40,среднее,1,женат / замужем,0,M,1
0,-327.02712298518827,35,высшее,0,Не женат / не замужем,4,M,0
0,,46,СРЕДНЕЕ,1,гражданский брак,1,F,0
0,-1073.109944560394,27,Высшее,0,гражданский брак,1,F,0
0,,53,высшее,0,гражданский брак,1,F,0
1,-2625.091700359784,27,среднее,1,в разводе,3,M,1
0,-6682.867814080983,74,среднее,1,гражданский брак,1,F,0
2,-1324.5591013925348,32,высшее,0,женат / замужем,0,M,0
0,-549.0433535135306,24,среднее,1,Не женат / не замужем,4,F,0
0,369261.3005669861,65,Среднее,1,женат / замужем,0,F,0
1,-7085.3834095178,50,высшее,0,женат / замужем,0,M,0
1,-4033.360077953832,35,среднее,1,женат / замужем,0,M,0
0,-1835.6139845599664,27,высшее,0,женат / замужем,0,F,1
0,-1727.5247805379572,42,среднее,1,женат / замужем,0,M,0
1,-1885.222476507725,33,среднее,1,гражданский брак,1,F,0
0,-4092.078715824274,49,Высшее,0,женат / замужем,0,F,0
1,-888.2833470851367,39,СРЕДНЕЕ,1,Не женат / не замужем,4,F,0
0,-2489.489435304669,39,высшее,0,женат / замужем,0,F,0
2,-151.420865015456,35,среднее,1,гражданский брак,1,M,0
0,-3078.1854865227706,40,среднее,1,Не женат / не замужем,4,F,1
0,-12925.12926858556,50,среднее,1,женат / замужем,0,F,0
0,377487.3248491271,55,Среднее,1,гражданский брак,1,M,0
1,-5129.132219772251,40,среднее,1,женат / замужем,0,F,1
0,,65,Среднее,1,в разводе,3,F,0
0,367871.2263071585,66,среднее,1,женат / замужем,0,M,0
0,368215.7085966086,47,среднее,1,женат / замужем,0,F,1
0,337165.3588658384,60,высшее,0,женат / замужем,0,F,0
1,-880.6260274059482,26,среднее,1,женат / замужем,0,M,1
0,,61,среднее,1,Не женат / не замужем,4,F,0
0,-484.6139532075212,46,среднее,1,гражданский брак,1,M,0
1,-294.700810941092,53,Среднее,1,гражданский брак,1,M,0
0,-510.7070573489749,49,среднее,1,в разводе,3,F,0
1,-3096.815931733552,36,Высшее,0,женат / замужем,0,F,0
0,-2054.1543499730387,34,высшее,0,Не женат / не замужем,4,M,0
0,-559.2213364413401,44,высшее,0,женат / замужем,0,F,0
0,-1861.273237729978,48,Неоконченное высшее,2,гражданский брак,1,F,0
0,-215.86760544687505,50,среднее,1,Не женат / не замужем,4,F,0
0,379890.8512379625,55,среднее,1,женат / замужем,0,F,0
0,-949.7057715515087,24,Начальное,3,Не женат / не замужем,4,M,0
0,-1041.840751836478,22,неоконченное высшее,2,Не женат / не замужем,4,M,0
0,381306.45825960784,69,среднее,1,вдовец / вдова,2,F,0
0,335058.3066457678,62,высшее,0,в разводе,3,F,0
0,-836.4224561126587,27,высшее,0,женат / замужем,0,F,0
0,-1719.801899511825,54,высшее,0,в разводе,3,F,0
1,-6990.5796733571615,53,среднее,1,женат / замужем,0,M,0
0,-6448.810859676204,43,ВЫСШЕЕ,0,гражданский брак,1,F,0
0,-3550.9074750424816,51,среднее,1,Не женат / не замужем,4,F,0
0,-461.0561498615378,48,СРЕДНЕЕ,1,женат / замужем,0,M,0
0,393631.7154380664,47,высшее,0,женат / замужем,0,F,0
1,-5610.486249191649,33,среднее,1,женат / замужем,0,F,0
2,-1514.153657398102,27,среднее,1,женат / замужем,0,M,1
2,-772.3009467227201,27,высшее,0,женат / замужем,0,F,0
0,-1154.9705527142826,47,среднее,1,женат / замужем,0,F,0
2,-738.3351196094759,30,неоконченное высшее,2,женат / замужем,0,F,0
0,-3636.515117410749,42,среднее,1,гражданский брак,1,F,0
1,-3437.584196441645,35,среднее,1,женат / замужем,0,F,0
0,-4380.044486183203,36,высшее,0,женат / замужем,0,F,0
0,-428.558852902601,36,среднее,1,гражданский брак,1,F,0
4,-3987.120244894182,33,высшее,0,женат / замужем,0,F,0
1,-6921.916295037233,35,среднее,1,женат / замужем,0,F,0
1,-219.71873249245505,42,среднее,1,гражданский брак,1,F,0
1,-888.0911660142284,24,среднее,1,женат / замужем,0,M,0
1,-3685.819566020176,41,среднее,1,женат / замужем,0,M,0
0,355107.0002893263,62,среднее,1,женат / замужем,0,M,0
0,340613.15534106584,64,среднее,1,Не женат / не замужем,4,F,0
0,-260.0123100570881,28,высшее,0,Не женат / не замужем,4,M,0
0,352858.2051800509,69,начальное,3,женат / замужем,0,F,0
0,-3154.255254081401,41,среднее,1,женат / замужем,0,M,0
1,-598.7856929540402,28,среднее,1,женат / замужем,0,F,0
2,-4294.221864622239,0,среднее,1,женат / замужем,0,F,0
0,-2449.028686513009,52,среднее,1,женат / замужем,0,M,1
0,-184.5568808816357,24,среднее,1,гражданский брак,1,F,1
0,-5319.3849938933445,65,среднее,1,женат / замужем,0,M,1
0,-648.937313287202,30,высшее,0,женат / замужем,0,M,0
0,-1848.3463921098412,46,среднее,1,гражданский брак,1,F,0
3,336350.48230070825,42,среднее,1,женат / замужем,0,M,0
0,381593.8289611955,48,среднее,1,женат / замужем,0,F,0
0,-1437.0855820728946,31,среднее,1,женат / замужем,0,F,1
0,-734.6705543021948,46,среднее,1,гражданский брак,1,F,0
0,388259.84963024734,59,среднее,1,женат / замужем,0,F,0
0,389553.17524470657,56,среднее,1,Не женат / не замужем,4,F,0
2,-2238.5931808174137,29,высшее,0,женат / замужем,0,F,0
1,-2440.531215718529,33,среднее,1,женат / замужем,0,M,0
0,382768.61554469255,64,СРЕДНЕЕ,1,женат / замужем,0,M,0
0,,21,среднее,1,Не женат / не замужем,4,M,0
0,-6609.531991028282,48,среднее,1,женат / замужем,0,F,0
2,-2519.6077281253165,31,СРЕДНЕЕ,1,женат / замужем,0,M,1
1,-984.14132648162,42,ВЫСШЕЕ,0,женат / замужем,0,M,0
2,-6387.195972241037,34,высшее,0,женат / замужем,0,F,0
0,-2383.598000005413,37,среднее,1,Не женат / не замужем,4,M,0
1,-189.81305169901725,25,неоконченное высшее,2,женат / замужем,0,M,0
0,-2872.2114095369598,41,среднее,1,в разводе,3,M,0
0,-4236.274242679046,44,среднее,1,гражданский брак,1,F,0
0,-6232.867674126726,41,высшее,0,женат / замужем,0,F,0
0,367680.6167160593,59,высшее,0,женат / замужем,0,F,0
0,-5000.830629888028,0,среднее,1,гражданский брак,1,F,0
2,-5301.670245132717,43,высшее,0,женат / замужем,0,M,0
0,-1388.3246735156354,45,среднее,1,женат / замужем,0,F,0
0,-2501.7044294618413,58,среднее,1,гражданский брак,1,F,0
1,-3532.9291273450453,39,среднее,1,женат / замужем,0,F,0
0,-245.39578001640672,47,среднее,1,женат / замужем,0,M,0
0,-1727.072792704747,57,среднее,1,вдовец / вдова,2,F,0
0,,58,высшее,0,Не женат / не замужем,4,M,0
0,-1183.7913987019874,57,среднее,1,гражданский брак,1,M,0
0,397336.0814555146,64,Среднее,1,вдовец / вдова,2,F,0
0,,48,среднее,1,женат / замужем,0,F,0
1,,45,высшее,0,Не женат / не замужем,4,F,0
0,387109.6302839579,54,среднее,1,женат / замужем,0,F,0
0,377007.8713136919,61,среднее,1,женат / замужем,0,F,0
0,,48,Среднее,1,женат / замужем,0,F,0
0,-171.4239255664311,41,среднее,1,гражданский брак,1,F,1
0,-3813.3444317725225,45,среднее,1,женат / замужем,0,F,0
1,-2357.102258241038,32,высшее,0,женат / замужем,0,F,0
0,-1281.633839894476,53,среднее,1,гражданский брак,1,F,0
0,-137.3437537338472,24,среднее,1,Не женат / не замужем,4,F,0
1,358493.871657236,64,начальное,3,гражданский брак,1,F,0
1,-222.67845660791284,28,высшее,0,женат / замужем,0,F,0
1,-1610.0140745491651,36,среднее,1,женат / замужем,0,F,0
0,339332.57674133085,62,среднее,1,женат / замужем,0,F,0
1,-7719.501326783305,41,среднее,1,женат / замужем,0,F,0
0,-1440.3362709855217,29,высшее,0,Не женат / не замужем,4,M,0
1,-1187.7208817068206,46,среднее,1,женат / замужем,0,M,0
0,-2095.473352175637,49,высшее,0,женат / замужем,0,F,0
0,-1636.4820761791211,37,высшее,0,женат / замужем,0,M,0
0,365882.5885285432,67,среднее,1,гражданский брак,1,F,0
0,-1654.8125668617583,41,Среднее,1,женат / замужем,0,F,0
0,-1934.1832182607736,32,высшее,0,женат / замужем,0,F,0
0,375533.1379554208,61,среднее,1,женат / замужем,0,M,0
1,-1222.5611356272618,42,среднее,1,гражданский брак,1,M,0
0,-3366.2260559882952,65,среднее,1,вдовец / вдова,2,F,0
1,-744.0162668813696,23,СРЕДНЕЕ,1,гражданский брак,1,M,1
3,-1626.6382634498966,34,высшее,0,женат / замужем,0,M,0
0,-2463.425869198662,32,среднее,1,женат / замужем,0,M,0
1,,43,среднее,1,женат / замужем,0,M,0
0,-724.3364626990295,34,неоконченное высшее,2,Не женат / не замужем,4,F,0
0,-267.57028264047824,43,среднее,1,гражданский брак,1,F,0
0,-3507.818774973721,41,среднее,1,женат / замужем,0,M,0
1,-1018.9063682456932,29,среднее,1,женат / замужем,0,F,0
0,-327.3998261776128,24,среднее,1,Не женат / не замужем,4,F,0
0,-2170.0309115017653,28,высшее,0,Не женат / не замужем,4,F,0
0,-4890.341296119928,40,неоконченное высшее,2,женат / замужем,0,F,0
1,-2577.664662360126,39,высшее,0,женат / замужем,0,M,1
0,-2091.1729354836634,24,среднее,1,женат / замужем,0,F,0
0,-5538.96373102039,35,начальное,3,гражданский брак,1,M,1
0,373849.6971411518,65,среднее,1,гражданский брак,1,F,0
0,-5747.281513056229,49,среднее,1,женат / замужем,0,F,0
0,379128.3664462002,59,среднее,1,женат / замужем,0,F,0
2,-2204.5522548764047,44,неоконченное высшее,2,женат / замужем,0,M,0
0,-559.6142906567549,48,высшее,0,вдовец / вдова,2,F,0
0,-2319.5124405486845,48,среднее,1,женат / замужем,0,F,0
0,-3415.8941924170517,48,среднее,1,женат / замужем,0,M,0
0,-2562.1434934438785,45,среднее,1,женат / замужем,0,F,0
0,-2648.051579346519,55,среднее,1,гражданский брак,1,F,0
0,360640.2050044418,61,среднее,1,гражданский брак,1,M,0
0,-5453.539734031105,65,СРЕДНЕЕ,1,женат / замужем,0,M,0
0,-8507.224076666334,47,среднее,1,женат / замужем,0,F,0
1,-2706.976924487932,32,начальное,3,в разводе,3,F,1
0,,71,СРЕДНЕЕ,1,гражданский брак,1,F,0
0,-3320.931402965177,33,среднее,1,женат / замужем,0,F,1
2,-455.0654708051802,42,среднее,1,гражданский брак,1,F,1
1,-880.7809115185531,33,высшее,0,женат / замужем,0,F,0
0,-2793.328819031193,48,среднее,1,женат / замужем,0,F,0
0,-1101.6075522066562,50,высшее,0,гражданский брак,1,F,0
1,-1889.8535718796577,32,среднее,1,гражданский брак,1,M,0
0,-2270.795655512905,45,среднее,1,женат / замужем,0,M,0
0,-2321.689312440738,23,неоконченное высшее,2,Не женат / не замужем,4,F,0
0,,34,среднее,1,Не женат / не замужем,4,F,0
1,-2382.047047314797,39,высшее,0,женат / замужем,0,F,0
2,-2169.312880287869,35,среднее,1,женат / замужем,0,M,0
0,-476.5126231370402,25,высшее,0,гражданский брак,1,F,0
0,-8871.965225296835,44,среднее,1,Не женат / не замужем,4,M,0
0,-2315.370850014556,42,среднее,1,гражданский брак,1,M,0
0,336907.3856194233,66,среднее,1,гражданский брак,1,M,0
0,-3212.209969636765,44,среднее,1,гражданский брак,1,F,0
1,,28,высшее,0,Не женат / не замужем,4,F,0
0,-812.9832322036139,29,среднее,1,женат / замужем,0,M,0
0,-200.8065142451488,28,неоконченное высшее,2,Не женат / не замужем,4,M,1
0,-513.9485663881388,32,среднее,1,Не женат / не замужем,4,M,1
0,380698.5337876564,58,высшее,0,в разводе,3,F,0
0,-1533.7664873164997,45,высшее,0,женат / замужем,0,F,0
1,-4886.438944672107,30,среднее,1,гражданский брак,1,M,0
0,356308.66970803874,70,среднее,1,женат / замужем,0,M,0
0,-2792.786167432701,39,среднее,1,Не женат / не замужем,4,F,0
0,-3106.8701219465725,43,высшее,0,женат / замужем,0,F,0
0,-345.181307929462,22,высшее,0,женат / замужем,0,F,0
0,377899.0766756917,64,высшее,0,вдовец / вдова,2,F,0
3,-4677.803335108703,42,высшее,0,женат / замужем,0,M,0
1,-1960.26285280798,37,среднее,1,гражданский брак,1,F,0
0,-2701.985633402182,31,ВЫСШЕЕ,0,женат / замужем,0,F,0
2,-4245.519791553972,30,среднее,1,женат / замужем,0,F,0
1,-3901.704097952944,33,Среднее,1,женат / замужем,0,F,0
0,375970.0620819475,61,среднее,1,женат / замужем,0,F,0
2,,26,среднее,1,женат / замужем,0,M,0
0,-193.1517850817664,30,среднее,1,Не женат / не замужем,4,M,1
1,-3215.4323789094965,30,среднее,1,в разводе,3,M,0
0,-4459.86702910143,46,среднее,1,женат / замужем,0,F,0
0,-530.1073475065509,62,среднее,1,женат / замужем,0,F,0
0,-598.7496484841596,32,среднее,1,Не женат / не замужем,4,M,0
1,,36,среднее,1,женат / замужем,0,F,0
4,-1957.2027059000693,29,среднее,1,женат / замужем,0,M,0
0,-2147.212460082774,58,среднее,1,женат / замужем,0,M,0
1,-1135.3552229617362,46,среднее,1,гражданский брак,1,M,0
1,-993.9395991326963,30,среднее,1,женат / замужем,0,F,0
0,-187.71522241755628,29,среднее,1,Не женат / не замужем,4,M,0
0,-1408.3944360006424,30,среднее,1,Не женат / не замужем,4,F,0
0,376059.4101814423,53,среднее,1,женат / замужем,0,F,0
0,-327.68591621478964,29,высшее,0,женат / замужем,0,M,0
0,-5472.142679984643,42,высшее,0,женат / замужем,0,F,0
1,-1790.1852146032463,28,высшее,0,женат / замужем,0,F,0
0,,39,среднее,1,женат / замужем,0,F,0
1,-1411.2103373622529,30,высшее,0,женат / замужем,0,M,0
0,-950.5766388824836,20,Среднее,1,Не женат / не замужем,4,M,0
0,-169.32962794815174,52,среднее,1,гражданский брак,1,F,0
0,371943.23486034974,58,Среднее,1,вдовец / вдова,2,F,0
0,-227.79096514701985,58,среднее,1,гражданский брак,1,M,0
0,-120.39525704526982,55,высшее,0,вдовец / вдова,2,M,1
2,-1733.15259746971,37,среднее,1,женат / замужем,0,M,1
0,-3048.9890852682897,59,среднее,1,гражданский брак,1,F,0
1,,45,среднее,1,в разводе,3,F,0
0,368955.7007924426,63,высшее,0,гражданский брак,1,F,0
0,-3316.2889329237914,51,высшее,0,женат / замужем,0,F,0
1,-1971.7280485233596,49,Среднее,1,Не женат / не замужем,4,F,0
0,-2090.8687055441,50,высшее,0,в разводе,3,F,0
0,358869.27922141034,59,среднее,1,женат / замужем,0,F,0
2,,34,среднее,1,женат / замужем,0,F,0
1,-894.4655244632414,43,СРЕДНЕЕ,1,женат / замужем,0,M,0
0,-1516.4277602981876,51,Среднее,1,женат / замужем,0,F,0
1,-488.6761992853992,41,среднее,1,в разводе,3,F,0
0,-7442.928233793691,48,высшее,0,женат / замужем,0,F,0
0,384341.81556523335,60,среднее,1,Не женат / не замужем,4,F,0
0,-2909.351718561962,50,среднее,1,Не женат / не замужем,4,F,0
0,-297.0802601317351,25,высшее,0,женат / замужем,0,F,0
0,-494.2029904181744,27,высшее,0,Не женат / не замужем,4,M,0
2,-5249.240290106585,35,среднее,1,Не женат / не замужем,4,F,1
0,374169.9034158073,66,Среднее,1,женат / замужем,0,F,0
0,-1432.942472266268,44,среднее,1,гражданский брак,1,F,0
1,,39,среднее,1,гражданский брак,1,F,0
0,-2147.0943313632943,44,среднее,1,в разводе,3,M,0
0,,38,высшее,0,женат / замужем,0,F,0
0,-1790.2146069936014,35,среднее,1,гражданский брак,1,M,0
0,-9973.979750576918,49,среднее,1,гражданский брак,1,F,0
0,401161.15825071634,55,среднее,1,Не женат / не замужем,4,F,0
0,-1015.515144241736,22,среднее,1,гражданский брак,1,M,0
0,-1338.5516647355855,54,среднее,1,женат / замужем,0,F,0
1,-547.5787883519594,56,СРЕДНЕЕ,1,вдовец / вдова,2,F,0
0,-1571.1104439163537,50,среднее,1,в разводе,3,F,0
0,340176.9545363804,62,среднее,1,женат / замужем,0,F,0
1,-187.37429869078,53,высшее,0,гражданский брак,1,F,0
